,spa_title,eng_title,year
0,7 Minutos , 7 minutes,2009
1,15.03.09 La última ofensiva , 15.03.09 The last ofensive,2009
2,199 recetas para ser feliz , 199 tips to be happy,2009
3,A la deriva , Drifting,2009
4,A un metro de ti , A stop away from you,2009
5,Los abrazos rotos , Broken embraces,2009
6,Actor sin éxito , Unsuccessful Actor,2009
7,After,,2009
8,Agallas , Guts,2009
9,Ágora,,2009
10,Agujetas en el alma  , Scarred Soul,2009
11,Al final del Camino , The end of the Way,2009
12,El alma de La Roja , The soul of the Reds,2009
13,El amanecer de un sueño , Awaking from a dream,2009
14,"Amor, dolor y viceversa "," Love, pain and vice versa",2009
15,"Anás, una pelicula india ", Anas: an Indian film,2009
16,Ander,,2009
17,El arte de robar , The art of stealing ,2009
18,El asesino a sueldo , The hired killer,2009
19,El baile de la Victoria , The dancer and the thief,2009
20,"Bendito canalla, la verdadera historia de Genarín "," Blessed Swine, the true story of Genarin",2009
21,La bestia en el corazón , Don´t tell ,2009
22,El Brau Blau , The Blue Bull,2009
23,La buena vida , The good life,2009
24,Bullying,,2009
25,Buscando a Eric , Looking for Eri c,2009
26,Buzos haciendo surf , Divers surfing,2009
27,Cambio de sentido , U-Turn,2009
28,El camí dels somnis  , The pathway of dreams,2009
29,Los caminos de la memoria , The paths of memory ,2009
30,El campo de Argelers , Camp d´Argelès,2009
31,El campo de batalla , The battle field,2009
32,Castillos de cartón , Paper castles,2009
33,Cataluña -Espanya,,2009
34,La causa de Kripan , Kripan´s cause,2009
35,Cerca de tus ojos , Close to your eyes,2009
36,Che. Guerrilla , Che: Part Two,2009
37,Che. Un hombre nuevo , Che. A new man,2009
38,Checkpoint rock,,2009
39,Cher a mi,,2009
40,Chus Lago: sola ante el hielo , Chus Lago: alone against the ice,2009
41,Cien metros más allá , One hundred meters away,2009
42,Cinéclub,,2009
43,Cómicos , Comedy actors,2009
44,Los condenados , The Condemned,2009
45,El cónsul de Sodoma,,2009
46,Cracks,,2009
47,Crebinsky,,2009
48,Cuatro estaciones , Four seasons,2009
49,Daniel y Ana , Daniel & Ana,2009
50,De fusioon a gossos , From “fusioon” to “gossos” Documental,2009
51,De reparto  , In character.  Portrait of an actor,2009
52,Día Noche , Day,2009
53,Dieta mediterránea , Mediterranean food,2009
54,Dos billetes , Two tickets,2009
55,Eloïse,,2009
56,Els passos perduts , The lost steps,2009
57,Ens veiem demà  , See You Tomorrow,2009
58,Entre esquelas , Among obituaries,2009
59,El esfuerzo y el ánimo ," Bejart Ballet Lausanne, of heart and courage",2009
60,Estación del olvido  , Station of the forgotten,2009
61,Estigmas , Stigmata,2009
62,El falso orgasmo  , Fake orgasm,2009
63,Fiesta. To fight or not to fight,,2009
64,Flores Negras , Dark Flowers,2009
65,Freak freak show. La historia de una falla ," Freak, Freak Show. The story of a Falla",2009
66,Fuga de cerebros , Brain Drain,2009
67,La furia de Mackenzie , Mackenzie´s Fury,2009
68,"Garbo, el hombre que salvó el mundo  "," Garbo, the man who saved the world",2009
69,Gitanos de Buenos Aires,,2009
70,Gordos , Fat people,2009
71,Háblame de amor , Tell me about love ,2009
72,La herencia Valdemar , The Valdemar inheritance,2009
73,Historia de una foto , History of a photo,2009
74,Ich bin Enric Marco,,2009
75,Las imágenes perdidas. La otra mirada , The lost images. The other view,2009
76,Improvisando , Improvising,2009
77,"Íntimos y extraños, 3 historias ½ "," Close friends and strangers, 3 and ½ stories",2009
78,Introspective,,2009
79,"Io, Don Giovanni",,2009
80,La isla interior , The island inside,2009
81,La joven de las naranjas , The orange girl ,2009
82,Kika superbruja y el libro de hechizos ," Lilli, the witch, the dragon and the magic book ",2009
83,drache und das magische buch,,2009
84,L'Escaezu. Recuerdos del 37 , L´escaezu -  Memories of 37,2009
85,"Locas, maricas y plumeras llenando  la televisión ", Mad magpies and queers filling the television,2009
86,Luna caliente , Hot moon,2009
87,La llegenda , The Legend,2009
88,La llegenda del innombrable , The legend of the unmentionable,2009
89,Lligams trencats  , Broken bonds,2009
90,Maçons els fills de la vidua  , Masons. The sons of the widow,2009
91,Madre amadísima , Dearest mother,2009
92,Mal día para pescar , Bad day to go fishing,2009
93,Malamuerte  Malas noticias , Bad news,2009
94,Mapa de los sonidos de Tokio , Map of the sound of Tokyo,2009
95,La máquina de pintar nubes , The machine for painting clouds,2009
96,Mascares  , Masks   ¡Mejor que nunca! ,2009
97,Mentiras y gordas ," Sex, party & lies",2009
98,Mi vida con Carlos , My life with Carlos,2009
99,Mi vida en ruinas , My life in ruins,2009
100,La mirada de Ouka Leele,,2009
101,La mujer sin piano , Woman without piano,2009
102,"Munduaren bira, doan!  "," Round the World, Free!",2009
103,Myna se va , Myna has gone,2009
104,Nacidas para sufrir , Born to suffer,2009
105,Napoleón y yo , N - Napoleon & Me ,2009
106,"Ni dios, ni patrón, ni marido "," No god, no boss, no husband",2009
107,La Niña Blanca , The Girl In White,2009
108,El niño pez , The fish child,2009
109,La noche que dejó de llover,,2009
110,Notes al peu , Footnotes,2009
111,El odio que estremece , Hate that causes shudders,2009
112,Omerta,,2009
113,"Pablo de Tarso, el último viaje "," Paul of Tarsus, his last journey",2009
114,Pagafantas , Friend zone,2009
115,Paintball,,2009
116,Paisito , Small country,2009
117,Pecador , Night of the sinner,2009
118,La perdida  , The loss,2009
119,El perdón , The Forgiveness,2009
120,Petit Indi,,2009
121,Planet 51,,2009
122,La posibilidad de una isla , The possibility of an island ,2009
123,Quemando suerte , Burning luck,2009
124,Rafael,,2009
125,Ramírez,,2009
126,REC 2 , [REC] 2,2009
127,Relatos , Stories,2009
128,Res publica,,2009
129,Rescat  , Rescu e,2009
130,"Revolucio #2, retorn als escenaris  ", Revolution [Take 2],2009
131,"Ricardo Muñoz Suay, memorias del otro "," Ricardo Muñoz Suay, memories of the other",2009
132,La sal de este mar , Salt of this sea ,2009
133,Santa contra Claus , Santa vs. Claus,2009
134,El secret de la lluna  , The moon´s secret,2009
135,El secreto de sus ojos , The secret in their eyes,2009
136,Secretos de cocina , Kitchen secrets,2009
137,La segunda patria  , The second fatherland,2009
138,Señora de , Mrs.…What’ -his-name,2009
139,Septiembre del 75 , September 75,2009
140,Ser Joan Fuster , Being Joan Fuster,2009
141,Sesión , Session,2009
142,"Shevernatze, una epopeya marcha atrás ", Shevernatze -  An odyssey walking backwards,2009
143,Siempre hay tiempo , Héctor y Bruno ,2009
144,Singularidades de una chica rubia , Eccentricities of a blond hair girl ,2009
145,loura,,2009
146,Soc un ninot  , I´m a puppet,2009
147,Spanish movie,,2009
148,Suspicious minds,,2009
149,La teta asustada , The milk of sorrow,2009
150,Tetro  The end of the loneliness,,2009
151,The unmaking of  , The unmaking of,2009
152,This is me  , This is me. On the rights of the child,2009
153,La tierra habitada , The land inhabited,2009
154,To shoot an elephant,,2009
155,Todo está en el aire , All is up in the air,2009
156,Tom Zé astronauta libertado , Tom Zé Liberated Astronaut,2009
157,Tras los pasos del bandolero , Following the steps of bandoler o,2009
158,Trash  Tres días con la familia  , Three days with the family,2009
159,Triage,,2009
160,Tritones  ," Tritons,",2009
161,Tú eliges , You choose,2009
162,La última mirada , The last look,2009
163,Un buen hombre , A good man,2009
164,Un instante preciso , A precise instant,2009
165,Un lugar lejano , A distant place,2009
166,V.O.S.  , V.O.S.,2009
167,Vengo con la lluvia , I come with the rain ,2009
168,La ventana , The window,2009
169,La vergüenza,,2009
170,El vestido y azul  , The dress,2009
171,Vivir de pie. Las guerras de Cipriano Mera , Living on your feet. The struggles of Cipriano Mena,2009
172,"Xavier Mina, sueños de libertad. Los sitios de Zaragoza "," Xavier Mina, dreams of freedom. The sieges of",2009
173,Saragossa,,2009
174,"Xtrems  Yo, también ", Me too,2009
175,La zona muerta , Zone of the dead ,2009
176,Zorion perfektua  , Perfect happiness,2009
177, 9 meses , Nine months,2010
178," 12 + 1, una comedia metafísica ", 12 + 1 A Metaphysical Comedy,2010
179, 14 Days With Victor,,2010
180, 18 comidas , 18 meals,2010
181, 80 egunean,,2010
182, A casa da luz  , The house of light,2010
183, Agnosia,,2010
184, Aita,,2010
185, Al final de la escapada ," Miguel Nuñez, Breathless",2010
186," Alma celles, urbs ilustrati",,2010
187, Amador,,2010
188, Amaren ideia , Mum's idea,2010
189, América,,2010
190, American Greyhounds,,2010
191, Amerikanuak,,2010
192, Anclados , Anchored,2010
193, Arena,,2010
194, Armenio , Armenian,2010
195, Asmita,,2010
196, Atrocious,,2010
197, Las Aventuras de Don Quijote , The Adventures of Don Quixote,2010
198, El baile de S an Juan , Saint John´s Dance,2010
199, Balada triste de trompeta , The Last Circus,2010
200," Barcelona, abans que el temps ho esborri ", Barcelona socialite,2010
201, Bestezuelas , Greyhound to the Ground,2010
202, Bicicleta Cullera Poma , Bicicleta cuchara manzana ,2010
203, Biutiful,,2010
204, Blackthorn,,2010
205, Blog,,2010
206, Blow Horn,,2010
207, La bomba del Liceo , The Bombing of the Liceu,2010
208, Bon appétit,,2010
209, Bruc,,2010
210, Brutal box,,2010
211, Bunbury 3D,,2010
212, Buried , Buried,2010
213, Campamento Flipy , Camp Flipy,2010
214, Catalunya über alles!,,2010
215, El Cavaller de L'Antifaç  , The Masked Knigt,2010
216, Chico & Rita,,2010
217, Circuit,,2010
218, Ciudad oculta , Hidden City,2010
219, Ciudadano Negrín , Citizen Negrin,2010
220, Cómplices del silencio , Complici del silenzio ,2010
221, Concierto Alejandro Sanz 3D,,2010
222, Conocerás al hombre de tus sueños , You will meet a tall dark stranger,2010
223, El corredor nocturno , Night Runner,2010
224, Cruzando el límite , Yellow,2010
225, Cuchillo de palo , 108,2010
226, Cuidadores , Carers,2010
227, La curva de la felicidad,,2010
228, La Daga de Rasputín , Rasputin’s dagger,2010
229, De mayor quiero ser soldado , I want to be a soldier,2010
230, El delfín , Th e Dolphin,2010
231, Desconectados,,2010
232, Diario de Carlota , The diary of Carlota,2010
233, Dibujos de luz , Drawings of light,2010
234, Didi Hollywood,,2010
235, El dios de madera , The Wooden God,2010
236, El Discípulo , The Disciple,2010
237, Disney a través del espejo , Disney through the l ooking g lass,2010
238, Dispongo de barcos,,2010
239, Don Mendo Rock ¿la venganza? , Don Mendo Rock. Revenge?,2010
240, Donde el olor del mar no llega , Where the smell of the sea doesn’t reach,2010
241, ¿Dónde se nacionaliza la marea? , Where does the Tide Become National?,2010
242, Dos fragmentos,Eva ,2010
243, DVA,,2010
244, E.S. O. Entidad Sobrenatural Oculta , ESO Evil School Omen,2010
245, Earth and Space Peace Moona History 1,,2010
246, Elisa K,,2010
247, Embrión , Embryo,2010
248, Entrelobos , Amongwolves,2010
249," Espejito, espejito ", Empty Beauty,2010
250, Esquivar y pegar , Dodge and hit,2010
251, ¿Estás ahí? , Are you there?,2010
252, El Extrañ o Caso de Angélica , The strange case of Angelica,2010
253, Familystrip,,2010
254, Flamenco Flamenco de Carlos Saura,,2010
255, Flores silvestres , Wild Flowers,2010
256, El Género femenino , El gènere femení ,2010
257, Globalización , Globalization,2010
258, El Gran Vázquez , The Great Vazquez,2010
259, Guest,,2010
260, Habitación en Roma , Room in Rome,2010
261, Hammada,,2010
262, Héroes , Herois ,2010
263, Holidays,,2010
264, Hombres de carbón , Men of Coal,2010
265, Horizonte , Horizon,2010
266," How much does your building weigh, Mr. Foster?",,2010
267, El idioma imposible , Impossible Lyrics,2010
268, Ingrid,,2010
269, Ingrid -my space,,2010
270, La inspiración de Van Gogh , The Inspiration of Van Gogh,2010
271, Ispansi  , Ispansi,2010
272, Izarren argia  , Stars to wish upon,2010
273, Jackboots on Whitehall,,2010
274, José y Pilar , José e Pilar,2010
275, Linko,,2010
276, La llegada de Karla , Karla’s Arrival,2010
277, Lope,,2010
278, La luna ciega , The blind moon,2010
279, Madres de la droga , Drugmothers,2010
280, El mal ajeno , For he good of other,2010
281, Mami Blue,,2010
282, María y yo , María and I,2010
283, Los Materiales , The Materials,2010
284, Memorias rotas  , Broken memories,2010
285, Menores: Infancia en riesgo , Infancy at Risk,2010
286, Mentiras piadosas , Madre up memories,2010
287, Mercado de futuros , Futures Market,2010
288, Mil cretins , Mil cretinos ,2010
289, Miss Tacuarembó,,2010
290, La mitad de Óscar , Half of Oscar,2010
291, Moon inside you , La luna en ti,2010
292, Morir de día , Dying Awake,2010
293, La Mosquitera , The Mosquito Net,2010
294, Nagore,,2010
295, Naufragio , Wreckage,2010
296, El Niño de la Moto , The Child on the Motorbike,2010
297, La nit que va a morir l'Elvis , La noche que murió Elvis,2010
298, No controles,,2010
299, Nunc et in hora ,  Just in Time,2010
300, O segredo da Frouxeira , The Secret of A Frouxeira,2010
301, Océanos , Oceans,2010
302, Los ojos de Julia , Julia’s eyes,2010
303, Ori,,2010
304, Oriundos de la noche , Natives of the Night,2010
305, Paisajes interiores , Interior Landscapes,2010
306, Pájaros de papel , Paper birds,2010
307, Pan negro , Pa negre ,2010
308," Pedra, Peixe, Rio",,2010
309, La piel azul , The blue skin,2010
310, Planes para mañana , Plans for Tomorrow,2010
311, Plegaria del vidente , The Clairvoyant’s Prayer,2010
312, Pomarón y el cine amateur , Pomarón and amateur film,2010
313, La posesión de Emma Evans , Exorcismus,2010
314, El Problema: Testimonio de Pueblo Saharaui , The Problem Testimony of the Saharawi People,2010
315, Propios y extra ños , Insiders and outsiders,2010
316, Propios y extraños Montaje del director , Insiders and outsiders,2010
317, Quatre,,2010
318, Que se mueran los feos , To hell with the ugly,2010
319, Rabia , Rage,2010
320, Retornos,,2010
321, Rosa y negro , Rose et Noir,2010
322, Rovelló: Conte de Nadal , Scruff A Christmas Tale,2010
323, Rovelló: el carnaval de la ventafocs , Scruff Cinderella's Carnival,2010
324, Rovelló: Halloween , Scruff’s Hallloween,2010
325, Rovelló: i la llegenda de Sant Jordi , Scruff and the Legend of Saint George,2010
326, Rovelló: el somni d'una nit d'estiu , Scruff in a Midsummer Night's Dream,2010
327, Las sabias de la tribu , The wise women  of the tribe,2010
328, Scouts,,2010
329, Secuestrados , Kidnapped,2010
330, Senderos del alma ," Flamenco, A Way Of Life",2010
331, Si yo tuviera una escoba , If I had a broom,2010
332, Simplemente , Simply,2010
333, Sol negro , Black Sun,2010
334, La sombra de Evita , Evita’s Shadow,2010
335, La sombra del sol , T he Shadow of the Sun,2010
336, También la lluvia , Even the rain,2010
337, Tensión sexual no resuelta , Unresolved sexual tension,2010
338, Terrados , Rooftops,2010
339, El Tesoro del Rey Midas , King Midas’s Treasure,2010
340, The Symmetry of Love,,2010
341, The Way,,2010
342, Tierra de Cierzo,Al este del Moncayo ,2010
343, El Tío Boonmee recuerda sus vidas pasadas , Uncle Boonmee who can recall his past lives,2010
344, Tip & Cia,,2010
345, Todas las canciones hablan d e mí , Every song is about me,2010
346, Todo lo que tú quieras , Anything you want,2010
347, Todos vós sodes capitáns , You Are All Captains,2010
348, Tres metros sobre el cielo , 3 meters above the sky,2010
349, La tropa de trapo en el país donde siempre bril la el sol , The Happets in the Kingdom of the Sun,2010
350, Tudancos,,2010
351, La última cima , The last peak,2010
352, El último verano de La Boyita , The last summer of La Boyita,2010
353, Los últimos días del mundo , Les derniers jours du monde,2010
354, Un cine como tú en un país como éste , Film-making like you in a country like this,2010
355, Un cuento de Navidad , A Christmas Carol,2010
356, Un tren a Pampa Blanca , A train to Pampa Blanca,2010
357, Un viaje al Mar Muerto , A journey to the Dead Sea,2010
358, Una hora más en Canarias , With or Without Love,2010
359, Uruguay,,2010
360, La venganza de Ira Vamp , Ira Vamp’s revenge,2010
361, El viaje de Penélope , Penelope´s Journey,2010
362, Viaje m ágico a África , Magic Journey to Africa,2010
363, La vida empieza hoy , Life begins today,2010
364, Vidas pequeñas,,2010
365, Las viudas de los jueves , Widows on thursdays,2010
366, Vivir para siempre , Ways to live Forever,2010
367, El vuelo del tren , The train’s flight,2010
368, Yankuba,,2010
369, Zigortzaileak  , The Punishers,2010
370,2011 ALPHABETICAL INDEX OF FEATURE FILM,,2011
371,(Total: 198 . Ficción,Fiction 120 - Documental,2011
372,Documental,Documentary +Animación,2011
373, 23 F , 17 Hours,2011
374, 30 años de oscuridad  , 30 Years Of Darkness  (Documental,2011
375,Animación,Animation),2011
376, 778 - La Chanson de Roland,,2011
377, 88,,2011
378, Las acacias,,2011
379, Aficionados , Amateurs,2011
380, Afinidades,,2011
381, Águila roja -la película ," Red Eagle, The Movie",2011
382, Al final del túnel - Bakerantza  , The light at the end of the tunnel,2011
383, Alexia,,2011
384, Amanecidos   , Dawned,2011
385, Amarillo,,2011
386, Amigos...,,2011
387, Amparito puerto y los agujeros de gusano , Amparito Puerto And The Worm,2011
388,Holes,,2011
389, Anne Perry. Expect a miracle,,2011
390, Any de Gràcia  , Año de gracia ,2011
391, Área de descanso , Rest Area,2011
392, Arriya la piedra  , Arriya  The Stone,2011
393, Arrugas  , Wrinkles,2011
394, Asolados , Isolated,2011
395, Bertsolari,,2011
396, Bi anai  ,,2011
397, Bienvenido a tu familia , Welcome to Your  Family,2011
398, Blancanieves  , Snow White,2011
399, Boleto al pa raíso , Ticket to Paradise,2011
400, ¡Brava V ictoria!,,2011
401, Bucle , Loop,2011
402," Buenas noches, España",,2011
403," Buenos Aires ""C uatropuntocinco""",,2011
404, El Capitán Trueno y el Santo G rial , Captain Thunder And The Holy Grail,2011
405, Cara de queso , Cheese Head,2011
406, La cara oculta , The Hidden Face,2011
407, Carne cruda,,2011
408, Carthago N ova,,2011
409, Las catedrales del vino  , The Spanish Wine Cathedrals,2011
410, La chispa de la vida , As Luck Would Have It,2011
411, Cinco metros cuadrados , Five Square Meters,2011
412, Cine al fin , Cinema a l a fi ,2011
413, Citizen  Bonanova,,2011
414," Clara, no es nombre de mujer ", Clara Isn't a Woman's Name,2011
415, Las C onstituyentes,,2011
416, El Cónsul de Burdeos  , The Consul Of Bo rdeaux,2011
417, Copito de N ieve , Floquet de Neu ,2011
418, El cuaderno de barro , The clay diaries,2011
419, Dansa  als esperits  ,   ,2011
420, Del poder , On power,2011
421, Después de mí  , After Me,2011
422, Los dioses de verdad tienen huesos  , True Gods Have Bones,2011
423, Doentes  ,,2011
424, Elegí a del trópico , Elegy from the T ropic,2011
425, Ella  ,,2011
426, Embargo,,2011
427, Emergo , Apartament 143,2011
428, En fuera de juego , Offsides,2011
429, El encamado , Bedridden,2011
430, Encontrarás dragones , There Be Dragons,2011
431, Energía 3D,,2011
432, Escuchando al Juez Garzón ,  Listening to Judge Garzon,2011
433, Escuela olvidada  , The Forgotten School,2011
434," Estudios M oro, el anuncio de la modernidad  "," The Moro Studios, An Advert",2011
435,Of Modernity,,2011
436, Eva,,2011
437, Evelyn,,2011
438, Extraterrestre  , Extraterrestrial,2011
439, Fiebre , Fever,2011
440, Five colors - Cinco colores,,2011
441, La fría luz del día  , The Cold Light Of Day,2011
442, Fuga de cerebros 2 , Brain Drain 2,2011
443," Gartxot, konkista  aitzineko  konkista  "," Gartxot, The Conquest Before The",2011
444,Conquest,,2011
445, Historias  de Dhallywood  , Dhallywood Stories,2011
446, Hollywood talkies,,2011
447, El hombre de las mariposas  ,,2011
448, Hora menos , Hour less,2011
449, I lobe  you,,2011
450, Ibiza   ,  Ibiza ,2011
451, Iceberg,,2011
452, Impávido,,2011
453, Intruders,,2011
454," Jacques Leonard, el p ayo Chac ","  Jacques Leonard, “Payo Jacques”, Insider",2011
455,And Outsider,,2011
456, Juan de los muertos , Juan Of The Dead,2011
457, Katarsis,,2011
458, Katharsis,,2011
459," Katmandú, un espejo en el cielo ", Kathmandu Lullaby,2011
460," Kika Superbruja, el viaje a Man dolán ", Lilli the Witch and the journey to,2011
461,Mandolan,,2011
462, Lección de pintura  , Painting Lesson s,2011
463, Life and film. The labyrinthine biographies of Vojtech Jasny , Vida y cine,2011
464, The Little Wizard. O mago  dubidoso,,2011
465, Lo contrario al amor , The Opposite of Love,2011
466, Lo más importante de la vida es no haber muerto , The most important thing,2011
467,in life is not being dead ," Le plus important dans la vie, c’est de ne pas être",2011
468,mort,,2011
469, Lo mejor de Ev a , Dark Impulse,2011
470, El Maestro saharaui , The Saharan Teacher,2011
471, Maktub,,2011
472, Malagasy  Gospel,,2011
473, La maleta mexicana , The M exican Suitcase,2011
474, Manolete , The Passion Within,2011
475, Mar de fons,,2011
476, Medianeras , Sidewalls,2011
477, Memorias de Alicia , Memories of Alic ia,2011
478, Midnight in Paris,,2011
479, Mientras duermes , Sleep Tight,2011
480, Miguel Hernández,,2011
481, El Milagro,,2011
482, La mirada invisible  , The Invisible Eye,2011
483, El misteri Fassman   , El misterio Fassman (El poder,2011
484,de la voluntad),,2011
485, El mono,,2011
486, La montaña rusa  ,,2011
487, Morente,,2011
488, Morir sin morir , Morir sense morir ,2011
489, Mr. Nice,,2011
490, Muertos de amor , Deadly Love,2011
491, Los muertos no se tocan nene  ," Don’ t touch the dead, kid",2011
492, Mugaldekoak , Operación Comè te,2011
493, Munis la voz de la memoria  ,,2011
494, Els noms de Crist  , The names of Christ,2011
495, No tengas miedo , Don’t Fear,2011
496, La noche que no acaba  , All the night long,2011
497, Noches sin luna,,2011
498, Nos veremos en el infierno , See You In Hell,2011
499, Objetivo Braila  , Objective Braila,2011
500, Objeto encontrado,,2011
501, Els oblidats dels oblidats , Los olvidados de los olvidados  ,2011
502, Los ojos de la guerra  , The Eyes of War,2011
503, Las olas , The waves,2011
504, Olentzero y el Iratxo , Olentzero eta Iratxoa  ,2011
505,Christmas,,2011
506, On vampyres and othe r symptoms,,2011
507, Open 24h,,2011
508, Open graves,,2011
509, Orson W est,,2011
510, Los otros Guernicas  , The Other Guernicas,2011
511, Oxígeno para vivir  ,,2011
512, Papa soy una zombi ," Papa, sóc una zombi ",2011
513, ¿Para qué sirve un oso?  , What are bears for?,2011
514, Los pasos dobles , The double steps,2011
515, Passi el que passi  , Whatever Happens,2011
516, Los Pelayos  , The Pelayos ,2011
517,Movement,,2011
518, Porfirio,,2011
519, Primos , Cousinhood,2011
520, Promoción fantasma , Ghost Graduation,2011
521, La puerta de no retorno , The Door Of No Return,2011
522, Queridísimos intelectuales  , Dear intellectuals (Of,2011
523,pleasure and pain),,2011
524, Ramón,,2011
525, Las razones del corazón , The Reasons Of The Heart,2011
526, [Rec] 3 géne sis,,2011
527, Regresa,,2011
528, La R oca , The Rock,2011
529, Rosario,,2011
530, Route Irish,,2011
531, El secreto de educar  , The Secret of Educating,2011
532, Seis puntos sobre Emma , 6 Points About Emma,2011
533, El senyor ha fet en mi meravelles , Lord worked wonders on m e,2011
534, El setè sentit , El séptimo sentido  ,2011
535, Silencio en la nieve , Frozen Silence,2011
536, Sinbad,,2011
537, La sombra de Evita: volveré y seré millones  , Evita's Shadow,2011
538, La sombra  prohibida , La herencia Valdemar II. La sombra prohibida  ,2011
539,Forbidden Shadow,,2011
540, El sueño de Iván , Ivan's Dream,2011
541," Teatro, comediantes y Max  "," Theatre, Actors and Max",2011
542, Toro y torero , Bull and Bullfighter,2011
543, Torrente 4 , Torrente 4: Lethal Crisis,2011
544, Tralas luces , Behind  The Lights,2011
545, Transgression,,2011
546, La travesía  , The Crossing,2011
547, El último paso , The Last Passage,2011
548, El último vuelo del flamenco  , O último voo do flamingo,2011
549, Un cuento chino , Chinese Take -Away,2011
550, Un dios salvaje , Carnage,2011
551, Un mundo casi perfecto , An Almost Perfect World,2011
552, Un mundo cuadrado , A Squared World,2011
553, Una canción , A song,2011
554," ¡Urteberrion, amona!",,2011
555, Valeria descalza,,2011
556, Válgame dios. Qué alegría tiene esta gente. Que fatigas tengo yo. Flamenco,,2011
557,de raíz , Flamenco From The Roots,2011
558, Venid  a las cloacas: la historia de L a Banda Trap era del Río , Come To The,2011
559,Sewers : the Story of La Banda Trapera del Río,,2011
560, Verbo,,2011
561, La vida sublime , The Life Sublime,2011
562, La vida útil , A Useful Life,2011
563, Viene una chica , A Girl Is Coming,2011
564, Voces desde Mozambique , Voices From Mozambique,2011
565, La voz dormida ,  The Sleeping Voice,2011
566, XP 3D , PX 3D - Paranormal Xperience 3D,2011
567,2012 ALPHABETICAL INDEX OF FEATURE FILM,,2012
568,A cicatriz branca , White Scar,2012
569,A Film About Kids And Music. Sant Andreu Jazz Band (Documental ,,2012
570,Documentary),,2012
571,A paixón de María Soliña,,2012
572,A puerta fría , Cold Call,2012
573,Ali,,2012
574,El amor se mueve  , Love In Motion,2012
575,Los amores difíciles , Difficult Loves,2012
576,El ángel entre la niebla , The Angel in the Fog,2012
577,Animal's,,2012
578,Arraianos,,2012
579,Arteros , Artfuls,2012
580,Astérix y Obélix al servicio de su majestad , Asterix and Obelix: God Save Britannia Di,2012
581,! , Hold-Up!,2012
582,Las aventuras de Tadeo Jones ," Tad, The Lost Explorer  (Animación ",2012
583,Animation),,2012
584,Baztán , The Valley,2012
585,Buscando a Eimish , Looking for Eimish,2012
586,El camino del olvido,,2012
587,Carmina o revienta , Carmina or blow up,2012
588,Las carpetas , The Files,2012
589,Casi inocentes , Almost Innocent,2012
590,El cazador de dragones - Dragoi ehiztaria , Dragon Hunter,2012
591,Chaika,,2012
592,ia , Comedy,2012
593,Contra el tiempo,,2012
594,Cronica d'una campanya,,2012
595,Cruz del sur , Southern Stars,2012
596,Cubillo. Historia de un crimen de estado,,2012
597,El día que murió Gracia Imperio , The day Gracia Imperio died  (Documental ,2012
598,Documentary),,2012
599,Diamond Flash,,2012
600,Diamond inside,,2012
601,Los días no vividos,,2012
602,Dictado , Childish Games,2012
603,Dios sabe , God Only Knows,2012
604,Diseño detrás de las rejas ,Design Behind Bars,2012
605,¿Dónde está la felicida,,2012
606,d? , All about Happiness,2012
607,Donde viven las mujeres,,2012
608,"Twiggy Hirota, Andrés Linares, Daniel Quiñones",,2012
609,Drácula,,2012
610,Edificio España , The Building,2012
611,El efecto K. El montador de Stalin,,2012
612,En la próxima estación , At the next station,2012
613,Encierro Bull Running in Pamplona,,2012
614,Enxaneta,,2012
615,Fènix 11*23,,2012
616,El foso , The Pit,2012
617,Gazta zati bat - A piece of cheese,,2012
618,Girimunho,,2012
619,Grand piano,,2012
620,Guitarra de palo,,2012
621,y (Documental ,,2012
622,Documentary),,2012
623,L'illa de Toth , The Island of Toth,2012
624,Los increíbles , The Incredibles,2012
625,Infancia clandestina , Clandestine Childhood,2012
626,Invasor , Invader,2012
627,"Jordi Dauder, la revolució pendent",,2012
628,Juan Marsé habla de Juan Marsé,,2012
629,Kanimambo,,2012
630,La lapidació de Sant La Lapidation De Saint Étienne , La lapidation de Saint  Etienne,2012
631,Leonora Carrington y el juego surrealista , Leonora Carrington. The surrealist,2012
632,game,,2012
633,Libre te quiero,,2012
634,Luces rojas , Red Lights,2012
635,Mamá , Mama,2012
636,Documentary),,2012
637,Mapa , Map,2012
638,Mariah Mundi And The Midas Box,,2012
639,El monje,,2012
640,Mugaritz,,2012
641,La mujer del eternauta , El Eternauta's Wife,2012
642,El mundo es nuestro , The World Is Ours,2012
643,Los mundos sutiles , Subtle Worlds,2012
644,Mussolini va a morir,,2012
645,Los niños salvajes , nens salvatges ,2012
646,Norteado , Northless,2012
647,Nosotros,,2012
648,O Apóstolo,,2012
649,El ojo del tiburón. Los últimos cazadores de tiburones de Nicaragua , The,2012
650,Shark's Eye,,2012
651,Okumanta,,2012
652,Operación E , Operation E,2012
653,Otra noche en la tierra , Another Night On Earth,2012
654,Documentary),,2012
655,El páramo , The Squad,2012
656,Perseverança , Perseverance,2012
657,Psychophony,,2012
658,Pura vida , The Ridge,2012
659,Quiero tener una ferretería en Andalucía , Hey Joe. Strummer In Andalusia,2012
660,La rosa de nadie , Nobod,2012
661,y's Rose,,2012
662,El sabor salado de las lágrimas , Salty Taste of Tears,2012
663,Documentary),,2012
664,El secreto de los 24 escalones , The Secret of the 24 Steps,2012
665,La senda , Path,2012
666,Sesión 1.16,,2012
667,Sin ruido , In Silence,2012
668,"Sinaia, más allá del océano ", Sinaia Far Beyond The Ocean  (Documental ,2012
669,Documentary),,2012
670,Taro. El eco de Manrique,,2012
671,Tata Cedrón,,2012
672,Te puede pasar a ti , It Could Happen To You,2012
673,Teatro chino de Manolita Chen,,2012
674,Tengo ganas de ti , I want you,2012
675,Testigo involuntario. Nicolás Redondo,,2012
676,The Labèque Way,,2012
677,The Wish Fish,,2012
678,Todo es silencio , All is silence,2012
679,Fantasy,,2012
680,Última sesión , Last Show,2012
681,"Último capítulo, adiós Nicaragua ", Last Chapter. Goodbye (Documental ,2012
682,Documentary),,2012
683,Un viaje al edén , A Journey to Eden,2012
684,Una pistola en cada mano ,  A Gun in Each Hand,2012
685,Universo Railowsky,,2012
686,La venta del paraíso , The Sale Of Paradise,2012
687,Ventanas al interior , Windows looking inward,2012
688,Verdades verdaderas. La vida de Estela Nicolás,,2012
689,Viudas blancas,,2012
690,Volar , Flying,2012
691,Volver a nacer , Twice Born,2012
692,ya,,2012
693,Drama,,2012
694,24 cines,seg ,2012
695,Documentary),,2012
696,30 días antes,,2012
697,"31 minutos, la película "," 31 Minutes, The Movie",2012
698,2.304.400 passes,,2012
699,2013 ALPHABETICAL INDEX OF FEATURE FILM,,2013
700,(Total: 231. Ficción,Fiction 136 - Documental,2013
701,Animación,Animation 4),2013
702, 3D Flames,,2013
703, 7 cajas  , 7 boxes,2013
704, 8 Apel lidos Vascos , Spanish Affair,2013
705, 9 ondas , 9 Olas  ,2013
706, 15 años y un día , 15 Years + 1 Day,2013
707, 18 cigarrillos y medio  , 18 and a half cigarettes,2013
708, 321 días en Michigan,,2013
709, 1983 Euskadi i nundada  , 1983 Euskadi Urperatuta  ,2013
710,Flooded,,2013
711, 10.000 noches en ninguna parte  , 10.000 Nights Nowhere,2013
712, A Common Enemy,,2013
713, A night in Old Mexico , Una noche en el viejo México,2013
714, A prueba de bombas  , Bombproof,2013
715, A ras del cielo  , Grazing The Sky,2013
716, A ritmo de Jess , The Rhythm of Jess,2013
717, Abandonado?  , Abandonat? ,2013
718, After Party , Afterparty,2013
719, Agua fría de  mar,,2013
720,Fiction , Comedia ,2013
721, Al Pereira vs. The Alligator Ladi es,,2013
722, Alaba Zintzoa , La buena hija ,2013
723, Alacrán enamorado  , Scorpion in love,2013
724, Alegrías de Cádiz,,2013
725, Alpha,,2013
726, El Altar  , The Altar,2013
727, Los amantes pasajeros  , I'm so excited!,2013
728, Amaren Eskuak -  Las manos de mi madre  , My mother's hands,2013
729, El amor amargo de Chavela,,2013
730, Amor colateral , Amor Col·lateral  ,2013
731, El amor no es lo que era , Love's Not What It Used To Be,2013
732, Amoureux,,2013
733, Angels & Dust,,2013
734, Anochece en La India , Nightfall in India,2013
735, Antonio Vega. Tu voz entre otras mil,,2013
736, Els anys salvatges , Los años salvajes ,2013
737, El árbol magnético , The Magnetic Tree,2013
738, Asier Eta Biok  , Asier y yo ,2013
739, Aún hay tiempo , Still time left,2013
740, Ayer no termina nunca , Yesterday never ends,2013
741, Bajarí,,2013
742," Barcelona, nit d'estiu "," Barcelona, noche de verano ",2013
743,Night,,2013
744, Blockbuster,,2013
745, Las brujas de Zugarramurdi  , Witching & Bitching,2013
746, Cabás,,2013
747, El Callejón , Blind Alley,2013
748, La cámara Lúcida , The lucid camera,2013
749, Camaradas , Comrades,2013
750, Los caminos de Aissa , The Pathways Of Aissa,2013
751, Caníbal  , Cannibal,2013
752, La Casa Emak Bakia  , Emak Bakia baita ,2013
753," Castillo Olite, el final de una tragedia  "," Castillo Olite, The last act of a",2013
754,tragedy,,2013
755, Casting,,2013
756, Los chicos del puerto , The Kids From The Port,2013
757, Ciao Pirla!,,2013
758,Documentary,,2013
759, La cigüeña metálica , The Metal Stork,2013
760, Círculo de Raynard,,2013
761, Colgados de un sueño , Hanging from a dream,2013
762, Combustión  , Combustion,2013
763,"Comediant s, with the sun in the suitcase",,2013
764, Con la pata quebrada , Barefoot In The Kitchen,2013
765, El cosmonauta , The Cosmonaut,2013
766, El cosmonauta: Webisodios , The Cosmonaut Webisodes,2013
767, Costa da Morte , Coast of Death,2013
768, La cripta , The crypt,2013
769, Crónicas da Galiza Mártir  , Chronicles of Galicia Martyr,2013
770, Crustáceos , Crustaceans,2013
771, La cuarta compañía  , The 4th Company,2013
772," Danse la danse, N acho Duato",,2013
773, De qué va la vida  , What is life all about?,2013
774, El Día del Padre  , Father’s Day,2013
775, El día fuera del tiempo , The Day Outside Time,2013
776, Diamantes  negros , Black Diamonds,2013
777, Dime quién era Sanchicorrota  , Tell me about Sanchicorrota,2013
778, Don Juan de Borbón,,2013
779, Dos palmas!! Arnold Taraborrelli,,2013
780, Drako,,2013
781,E,,2013
782,l Niño,,2013
783,"io Berhanyer, maestro del diseño  "," Elio Berhanyer, master of design",2013
784,E,,2013
785,n apatía secuelas del odio , Apathy A Legacy Of Hatre,2013
786,E,,2013
787,n solitario , En solitaire  ,2013
788,venturas , Adventure,2013
789,E,,2013
790,nemy,,2013
791,gma de los libros plúmbeos , The enigma of the lead books,2013
792,E,,2013
793,nrockecidos,,2013
794,ntre maestros , Among teachers,2013
795,E,,2013
796,sto no es una cita , I am dating you not,2013
797,La E,,2013
798,strella , Estrella,2013
799,uropa en 8 bits , Europe in 8 bits,2013
800,Evolución tóxica , Toxic Evolution,2013
801,l extraordinario viaje de Lucius Dumb (Los Derechos Humanos tu mejor,,2013
802,instrumento),,2013
803,ily Tour,,2013
804,& Furious 6,,2013
805,"ero, el miedo de los galgos ", Febrero. The Fear Of Spani sh,2013
806,G,,2013
807,reyhounds,,2013
808,enos  , Aces,2013
809,otógrafa  , The Photographer,2013
810,ontera  , Frontier,2013
811,bolín , Foosball,2013
812,ente en sitios , People In Places,2013
813, Gloria,,2013
814, Google y el cerebro mundial , Google i el cervell mundial  ,2013
815,World Brain,,2013
816, La Gran Familia Española , Family United,2013
817, La gran oportunitat , The Great Chance,2013
818, Guadalquivir,,2013
819, La guerra contra las mujeres , War Against Women,2013
820, La herida  , Wounded,2013
821, La hermandad,,2013
822, Hijos e hij as del Alarde , Alardearen seme- alabak ,2013
823,Of The Alarde,,2013
824, Historia de mi muerte  , Història de la meva mort  ,2013
825," Histori as de La Habana, desde Barcelona  ", Stories of Havana in Barcelona,2013
826, Ignasi M.,,2013
827, Ilusión , Hope,2013
828, Los ilusos , The Wishful Thinkers,2013
829," Impensada, Usurpada, Recuperada ", Au delà des grillages ,2013
830,"Usurped, Recovered",,2013
831, Inertes  , The Motionless,2013
832, Inevitable,,2013
833, Los inocen tes: ¿Creías que era una broma? , Bloody April Fools,2013
834,Pujolar y Miguel Sánchez Terror , Slasher,2013
835, Ismael,,2013
836,Drama,,2013
837, Juego de espías,,2013
838, Justin y la Espada del Valor  , Justin and The Knights of Valour,2013
839, L'Estigma? , The Stigma?,2013
840, Laboratorio Seoane,,2013
841, Lanadacotidiana , Everydaynothingness,2013
842, Libertador  , The Liberator,2013
843, Las luces del mundo  , In The Land Of Joy,2013
844, Las Maestras de la República  , The Republican Female Teachers,2013
845, La maleta de Marta , Marta's Suitcase,2013
846," Manzanas, pollos y quimeras "," Apples, chickens and chimeras",2013
847, Marhaba,,2013
848, Marsella , M arseille,2013
849, Mary's Land -  Tierra de María,,2013
850, Máscaras  , Masks,2013
851, El médico alemán – Wakolda , Wakolda,2013
852, La m emoria de los olivos , The Memory Of Olive Trees,2013
853, Memoria de mis putas tristes  , Memories of my melancholy whores,2013
854, Memorias de un conspirador  , Memoirs of a Conspirator,2013
855, Menú Degustación  , Tasting Menu,2013
856, Mindscape,,2013
857, Mujer Conejo  , Rabbit Woman,2013
858, New York Shadows  , Sombras de Nueva York,2013
859, La niña de Maracaibo  , Wayuu: La niña de Maracaibo,2013
860," No llores, vuela ", Aloft,2013
861, O ouro do tempo  , The value of time,2013
862,Hauser  , The Fifth Gospel of Kaspar Ha user,2013
863, Omnívoros  , Omnivores,2013
864, Otel.lo , Otel·lo ,2013
865, Otro verano , Summ er again,2013
866, Para Elisa , For Elise,2013
867, Paradiso,,2013
868, Paraíso  , Paradise,2013
869, La partida , The Last Match,2013
870, Pedazos  de mí  , Pieces of Me,2013
871, Pensé que iba a haber fiesta  , I Though It Was A Party,2013
872, La perla de Jorge  , The pearl of Jorge,2013
873, Pioneros del rock,,2013
874, Piratas y Libélulas  , Pirates &  Dragonflies,2013
875, La plaga , The Plague,2013
876,La por,,2013
877,, The Fear,2013
878,or qué?!  , Why?! An Endemic Crisis,2013
879,P,,2013
880,resentimientos , Inside Love,2013
881,roject 12: The Bunker,,2013
882,ué culpa tiene el tomate? ,  From the land to your table,2013
883,S,,2013
884,zeplaki - Paola Vieira Documental , Documentary,2013
885,Q,,2013
886,uerida Gina  , Dear Gina,2013
887,Q,,2013
888,uién mató a Bambi? , Who killed Bambi?,2013
889,Q,,2013
890,uiero ser Messi  , I want to be Messi,2013
891,E,,2013
892,l rayo  , Hassan's Way,2013
893,R,,2013
894,EC 4 Apocalipsis  , REC 4 Apocalypse,2013
895,ecuerdos de hielo  , Els r ecords glaçats ,2013
896,La r,,2013
897,eina de tapas  , Queen of the bar,2013
898,Re,,2013
899,pare bem: los ojos de Bacuri  , Bacuri’s Eyes,2013
900,R,,2013
901,etornados,,2013
902,uspense,,2013
903,E,,2013
904,l Rey de Canfranc , The King Of Canfranc,2013
905,La r,,2013
906,ueda , The Wheel,2013
907,eparated,,2013
908,éptimo , 7th Floor,2013
909,erie B,,2013
910,oad,,2013
911,igo siendo… Kachkaniraqmi , I Continue Existing Dir. : Javier Corcuer a,2013
912,D,,2013
913,ocumental , Documentary  - Musical,2013
914,S,,2013
915,ilvio Rodríguez Ojalá,,2013
916,S,,2013
917,in hilos  , Sense fils ,2013
918,S,,2013
919,limane,,2013
920,edad del semáforo , The Stoplight Society,2013
921,S,,2013
922,ola contigo , Alone with Herself,2013
923,o para dos,,2013
924,l somni  dels herois , El sueño de los Héroes  ,2013
925,S,,2013
926,omos gente honrada  , Here's The Deal,2013
927,Stefan  y Erik , Stefaan y Erik,2013
928,S,,2013
929,tockholm,,2013
930,tupor Mundi,,2013
931,ueño , Sleepy,2013
932,an antiguo como el mundo , As Old As The World,2013
933,T,,2013
934,angernacion,,2013
935,l Tartessos de Schulten,,2013
936,T,,2013
937,emporal  , Temporary,2013
938,esis sobre un homicidio , Thesis on a homicide,2013
939,T,,2013
940,he Extraordinary Tale,,2013
941,T,,2013
942,he Juan Bushwick Diaries,,2013
943, Todas las mujeres  , All the Women,2013
944, Tombatossals la leyenda ," Gigantes, la leyenda de Tombatossals ",2013
945,Tombatossals The Legend,,2013
946, Tots volem el millor per a ella  , Todos queremos lo mejor para ella  ,2013
947,want wha t's best for her,,2013
948, Tres bodas de más , 3 bodas de más ,2013
949, Tres -60 , Three- 60,2013
950, Triana pura y pura , Triana Pure And Pure,2013
951, Los últimos días , The Last Days,2013
952, Un berenar a Ginebra , Una merienda en Ginebra ,2013
953, Un dios prohibido , A Forbidden God,2013
954, Un siglo y 90 minutos , A century and 90 minutes,2013
955, Una esvástica sobre el Bidasoa , The Basque swastika,2013
956," Una mujer sin sombra, Asunción Balaguer",,2013
957, Unes altres veus , Otras Voces ,2013
958, Venganza del más allá , Vengeance From The Beyond,2013
959, Verde verde , Green Green,2013
960, Viaje a Surtsey  , Journey to Surtsey,2013
961, Vicente Aranda 50 años de cine ," Vicente Aranda : ""50 Years Of Cinema""",2013
962, La vida de Adele , La vie d’Adèle ,2013
963, La vida inesperada , The Unexpected Life,2013
964, El viejo Rock , The Old Rock,2013
965, Vigilo el camino  , Walk the line,2013
966, Violet,,2013
967, Viral,,2013
968, Vivir es fácil con los ojos cerrados  , Living is easy with eyes closed,2013
969, Writing Heads: hablan los guionistas  , Writing Heads,2013
970, www.,,2013
971, Y,,2013
972, Zipi y Zape y el Club de  la Canica , Zip & Zap and the Marble Gang,2013
973,2014 ALPHABETICAL INDEX OF FEATURE FILM,,2014
974," 2 francos, 40 pesetas",,2014
975, 3 minutos  ," 3: Minutes, If You Fight There's No Defeat",2014
976, 7 Leguas. Colombia,,2014
977, 160 metros: Una historia del rock en Bizkaia , 160 Meters: A Story Of The Rock In,2014
978,Biscay,,2014
979, 1980,,2014
980," 2014, nacido en Gaza ", 2014. Born in Gaza,2014
981, 10.000 Km , Long Distance,2014
982, A escondidas,,2014
983, A Esmorga,,2014
984, Al escuchar el viento , When you listen to the wind,2014
985, Al ritmo de la calle,,2014
986, Las altas presiones , The High Pressures,2014
987, L'altra frontera , Otra frontera ,2014
988, Amarás sobre todas las cosas , Love above all things,2014
989, American Jesus  , American Jesus  (España,2014
990,Unidos,USA 25%),2014
991, Amor en su punto , The Food Guide To Love (España,2014
992,30% -Francia,France 10%),2014
993, Anacleto: agente secreto , Spy Time,2014
994," AnimA ""una vida poètica traïda per la tragèdia"" "," Soul, a Poetic Life Betrayed by Tragedy ",2014
995,Experimental,,2014
996, Ártico , Arctic,2014
997, Asesinos inocentes , Innocent Killers,2014
998, Asmodexia,,2014
999, Autómata , Automata,2014
1000, Autopsia de un amor , Autopsy of Love,2014
1001, Las aventuras de Lily Ojos de Gato , The Adventures of Cat- Eyed Lily ,2014
1002,aventures de Lily ulls de gat,,2014
1003, Azul y no tan rosa , My Straight Son,2014
1004, Back To Sahara,,2014
1005, Bajo un manto de estrellas,,2014
1006, Baratometrajes 2.0- El futuro del cine hecho en España , Cheap Films 2.0: The,2014
1007,Future of Cinema Made in Spain,,2014
1008, Basilio Martín Patino. La décima carta , Basilio Martín Patino. The Tenth Setter,2014
1009, Betibú,,2014
1010, Blue Lips,,2014
1011,Comedia , Comedy,2014
1012, Born,,2014
1013," Born Naked,",,2014
1014, Brigada político social. La cultura vigilada,,2014
1015, Bugarach,,2014
1016, Buhardilla & Blues,,2014
1017, Las calles siguen ardiendo,,2014
1018, La cara B , La Cara B: de Caníbal,2014
1019, Carmina y amén , Carmina and Amen,2014
1020,Drama,,2014
1021, Cinema en temps de guerra,,2014
1022, Ciudad Delirio,,2014
1023, Ciutat Morta,,2014
1024, El club de los incomprendidos , The Misfits Club,2014
1025, Cómo sobrevivir a una despedida , Girls' Night Out,2014
1026, Corredors de fons , Long Distance Runners,2014
1027," Cristóbal Hal ffter, libertad imaginada",,2014
1028, La cueva , In Darkness We Fall,2014
1029, Cuinant , In the Kitchen,2014
1030, El culo del mundo , The Back of Beyond,2014
1031," La Dama dels Escacs. Nascuda a Valencia, reina a tot el mon  ", Dame of Valencia.,2014
1032,Queen of Chess Around the World , Els Homes que es van inspirar en la Seva,2014
1033,Reina. La Dama Valenciana,,2014
1034, Demonstration,,2014
1035, Desmuntant Leonardo , Desmontando Leonardo ,2014
1036, Dioses y perros , Gods a nd Dogs,2014
1037, Dixie eta matxinada zonbia , Dixie y la rebelión zombi ,2014
1038,Rebellion,,2014
1039, Do We Change It?,,2014
1040, Don't Grow Up,,2014
1041," Doñana, cuatro estaciones "," Doñana, Four Seasons",2014
1042, Dos a la carta , Menu For Two  ,2014
1043, Dos amigos , Two friends,2014
1044," Echevarriatik, Exeteberriara",,2014
1045,Thriller,,2014
1046, Elcano. El barco blanco,,2014
1047," Emilio Pérez Piñero ""El sueño quebrado de un arquitecto""",,2014
1048, Empusa,,2014
1049, En el corazón del mar , In the Heart of the Sea  (España,2014
1050,Unidos,USA 71% ),2014
1051, En el umbral de la consciencia,,2014
1052, En tierra extraña , In a Foreign Land,2014
1053, La encrucijada de Ángel Sanz Briz , The crossroad of Angel Sanz Briz,2014
1054, L'Endemà,,2014
1055, Escocia , Scotland,2014
1056, Exodus: Dioses y reyes , Exodus: Gods and Kings  (España,2014
1057,Unidos,USA 55% ),2014
1058, Explica'm un conte , Tell me a story ,2014
1059, Extinction,,2014
1060, Facebackproject,,2014
1061, Faraday,,2014
1062, Felices 140 , Happy 140,2014
1063, Five Days To Dance,,2014
1064,communication),,2014
1065, Flow,,2014
1066, Fuego   , Fire,2014
1067, El futuro  , The Future,2014
1068, Gabor,,2014
1069, El gancho , The road to Uraba,2014
1070, Generación Z   , Generation Z,2014
1071,Documental , Documentary  ,2014
1072, Goazen Gudari Danok,,2014
1073, El Gobierno Vasco en el exilio,,2014
1074, El Gran Premio de La Bañeza , La Bañeza Grand Prix,2014
1075," Gurba, la condena",,2014
1076, Hacer patria,,2014
1077, Haz de tu vida una obra de arte , Make your life a masterpiece in progress,2014
1078, Hermosa juventud , Beautiful Youth ,2014
1079,Francia,France 10%),2014
1080," Héroes Invisibles, Afroamericanos en la Guerra de España ", Invisible Heroes,2014
1081,African -Americans in the Spanish Civil War  (España,Spain 58% -  Estados,2014
1082,Unidos,USA 42%),2014
1083, Herois del tebeo valencià,,2014
1084, Historias de Lavapiés,,2014
1085, El hombre que quiso ser segundo , The Man Who Would Be Second,2014
1086, L'home del metro,,2014
1087, Els homes que volien pujar una muntanya de mes de 8.000 metres , Los hombres,2014
1088,que querían subir una montaña de más de 8.000 metros ,  Men Who Wanted to,2014
1089,Climb a Mountain over 8000 Meters,,2014
1090, Hooked Up,,2014
1091, Las horas muertas , The Empty Hours,2014
1092, Hotel Nueva Isla,,2014
1093, Huidas , Escapes,2014
1094, La ignorancia de la sangre , The Ignorance Of Blood,2014
1095, El informe Segura,,2014
1096, Investigación policial , Police Investigation,2014
1097, La isla mínima , Marshland,2014
1098,Villanueva  Documental , Documentary,2014
1099, Jo crec , Yo creo ,2014
1100, El Joven Cervantes,,2014
1101," Juan Mariné, la aventura de hacer cine",,2014
1102, La jungla interior , The Inner Jungla,2014
1103, Justi&Cia,,2014
1104, Kamikaze,,2014
1105, Kaplan , Mr. Kaplan,2014
1106, Lasa eta Zabala , Lasa y Zabala ,2014
1107, Little Galicia,,2014
1108, Llámale Jess Redux,,2014
1109, Loreak , Flowers,2014
1110, La luz con el tiempo dentro,,2014
1111, Magical Girl,,2014
1112, Mai és tan fosc , Nunca es tan oscuro,2014
1113, El mal del arriero , The evil of muleteer,2014
1114, Los malos sueños de Rene Petit,,2014
1115, Mapa emocional de Tánger  , Emotional Map Of Tangier,2014
1116, Maresía,,2014
1117, Matar el tiempo , Killing Time,2014
1118, Meñique , Tom Little,2014
1119, Messi,,2014
1120, Mi otro yo , Another Me,2014
1121, Mortadelo y Filemón contra Jimmy El Cachondo , Mortadelo &  Filemon. Mission,2014
1122,Implausible,,2014
1123," La Murga, Ópera Popular "," Murga, Popular Opera  (España",2014
1124,20%),,2014
1125, Murieron por encima de sus posibilidades , Dying beyond their means,2014
1126, Musarañas , Shrew's Nest,2014
1127, Nadie quiere la noche  , Nobody Wants The Night,2014
1128, Natasha,,2014
1129, Neck an,,2014
1130, Negociador,,2014
1131, Ningú no po t somiar per tu,,2014
1132, La noche del ratón , Night of the rat,2014
1133, Noche ¿de paz? -  Holy Night,,2014
1134, Nopoki 'yo vengo',,2014
1135, Notas en movimiento,,2014
1136, Obra 67,,2014
1137, Los oj os amarillos de los cocodrilos , The yellow eyes of cocodriles ,2014
1138,jaunes des crocodiles,,2014
1139, Open Windows,,2014
1140, Operasiones especiales,,2014
1141, Las ovejas no pierden el tren , Sidetracked,2014
1142, Paco de Lucía: la búsqueda,,2014
1143, Paco Pérez  Dolz un cineasta a tiro limpio,,2014
1144, El país del miedo,,2014
1145," Pancho, el perro millonario ", Millionaire Dog,2014
1146, Pantalla herida,,2014
1147, Parts naturals. benvingut a casa , Partos naturales. Bienvenido a casa,2014
1148, Pastoral,,2014
1149, Película al estilo Jafar Panahi , Film style Jafar Panahi,2014
1150," Pep Gimeno Botifarra, El cant de les arrels "," Pep Gimeno Botifarra, el canto de las",2014
1151,raíces ," Pep Gimeno Botifarra, the Song of the Roots",2014
1152, Perdona si te llamo amor , Sorry if I call you love,2014
1153, Planeta Asperger , Planet Asperger,2014
1154, Por un puñado de besos,,2014
1155, Pos eso , Possessed,2014
1156, La presa,,2014
1157, Purgatorio , Purgatory,2014
1158, El Quinto Jinete. Una visión de la I Guerra Mundial por Vicente Blasco Ibáñez  The,,2014
1159,Fifth Horseman,,2014
1160, Rastres de Sàndal , Traces of Sandalwood ,2014
1161, Relatos Salvajes , Wild Tales,2014
1162," Remine, el último movimiento obrero",,2014
1163, Reset,,2014
1164, Retrato de Aida , Portrait of Aida,2014
1165, Rodar hasta el fin,,2014
1166, Sacromonte. Los sabios de la tribu ," Sacromonte, The Wise Of The Tribe",2014
1167, Sapos y culebras , D'amour et de de ttes,2014
1168, Schimbare  , Schimbare The Change,2014
1169," Seleme, Seleme",,2014
1170, Señales de vida. Néstor Basterretxea , Signs Of Life: Néstor Basterretxea,2014
1171,Documentary,,2014
1172,"The Baby Sitter, The Bastard Grand So n and Emma Suárez",,2014
1173, Seré asesinado , I Will Be Murdered,2014
1174, El silenci del Jonc , El silencio de Jonc ,2014
1175," Sin título, 200 X 133 ", Untitled 200x133 ,2014
1176, Sobre la marxa , The Creator Of The Jungla ,2014
1177, Solo quím ica,,2014
1178, El Somni del Celler de Can Roca,,2014
1179, Sonata para violonchelo , Sonata for cello ,2014
1180, Soneto nocturno , Night Sonnet,2014
1181, Stella cadente , Estrella fugaz ,2014
1182, Sweet Home,,2014
1183, Tánger Gool,,2014
1184, The Gunman , Caza al asesino,2014
1185, The Leftlovers,,2014
1186, The Mystery Of The King Of Kinema,,2014
1187, Thomas vive,,2014
1188, Tiempo sin aire ,  Breathless Time,2014
1189, Toastmaster  , Toastmaster  (España,2014
1190,Unidos,USA 50%),2014
1191, Tocaoras,,2014
1192, Todo el tiempo del mundo ," Time, the essence of a man",2014
1193, Todo parecía perfecto , Everything Seemed Perfect,2014
1194, Todos están muertos , They Are Al l Dead (España,2014
1195,20% - México 20%),,2014
1196, Los tontos y los estúpidos , The Silly Ones & the Stupid Ones,2014
1197, Torrente 5 ," Torrente, Mission: Eurovegas ",2014
1198," Tres instantes, un grito",,2014
1199, Tres mentiras , Three Lies,2014
1200, Las tres vidas de Pedro Burruelo , The Three Lives of Pedro Burruezo,2014
1201, La Tropa de Trapo en la selva del arco iris , The Happets In The Rainbow Forest ,2014
1202,A Tropa de Trapo na selva do Arco da Vella,,2014
1203, L’ultim partit , The Last Match,2014
1204, El último adiós de Bette Davis,,2014
1205, El último reino perdido , The Last Lost Kingdom ,2014
1206,perdido,,2014
1207, Un día vi 10.000 elefantes,,2014
1208, Un jardín en la memoria ,  Un Jardí a la Memòria,2014
1209, Un sitio donde quedarse , A place to stay,2014
1210, Una amenaza invisible , An Invisible Threat,2014
1211, La vida en sus manos , Life in Their Hands,2014
1212, Wax  , Wax,2014
1213," WildMed , el último bosque mediterráneo  "," Wildmed, The Last Mediterranean",2014
1214,Forest,,2014
1215, Wiracocha,,2014
1216, Zarpazos!  Un viaje por el Spanish Horror , CLAWING! A journey through the,2014
1217,Spanish Horror,,2014
1218,2015 INDEX OF SPANISH FEATURE FILMS,,2015
1219,Género , Type,2015
1220,● Ficción,Fiction  …………………………………..… …Página,2015
1221,● Documental,Documentary  ……………………. Página,2015
1222,● Animación,Animation ……………………………… …Página,2015
1223,Coproducci ón , Co-Production,2015
1224,● Producción íntegramente española , Totally Spanish Production,2015
1225,● Participación española mayoritaria o al 50% , Major spanish p articipation or at 50%,2015
1226,● Participación española minoritaria , Minor spanish participation (Total: 1 6. No,2015
1227,financieras,Non Financial 1 1 + Financieras,2015
1228,www.mecd.gob.es,catalogodecine,2015
1229,Publicación digital del Instituto de Cine y Artes Audiovisuales que recoge información sobre las películas,,2015
1230,"cinematográficas co n participación española en la producción, y que hayan sido calificadas por primera vez durante el",,2015
1231,año correspondiente.,,2015
1232,El contenido que se ofrece es meramente informativo y carece de efectos vinculantes para la,,2015
1233,Administración.,,2015
1234,"Digital publication of the Institute for Cinema and Audiovisual Arts , designed to promote Spanish films and mainly offering information on films with Spanish participation in production; the selection criteria are based on having been certified for the first time during the corresponding year.",,2015
1235, A cambio de nada ,  Nothing in return,2015
1236, La academia de las musas -  L’accademia delle muse –  The academy of muses,,2015
1237, Ahora  o nunca ,  It´s now or never,2015
1238, Altamira,,2015
1239, Amama  , Amama,2015
1240, Amanecer en el nuevo mundo  , Dawn in the New World,2015
1241, Anabel,,2015
1242, Análisis de sangre azul  , Analysis Of Blue Blood,2015
1243, Anomalous,,2015
1244, El Apóstata  , The Apostate,2015
1245, Arteria Invisible , L’àrtèria invisible ,2015
1246, Los Ausentes , The Absent,2015
1247, Las aventuras de Moriana  , The Adventures Of Moriana,2015
1248, B,,2015
1249, Backseat Fighter,,2015
1250," Barcelona, nit d’hivern ","  Barcelona, noche de invierno ",2015
1251, Bendita calamidad,,2015
1252," Benidorm, mon amour",,2015
1253," Bluu, Last Days Of Ibiza",,2015
1254, Bombay  Goa Express,,2015
1255, El cadáver de Anna Fritz , The Corpse Of Anna Fritz,2015
1256, La calle de la amargura ,  Bleak  Street,2015
1257, Camí més llarg per tornar a casa  , El camin o más largo para volver a casa ,2015
1258,home,,2015
1259, Capa Caída , Fallen Cape,2015
1260, Cerca de tu casa  , At your doorstep,2015
1261,10%),,2015
1262, El clan ,  The Clan,2015
1263, La corona par tida,,2015
1264," Crisis, ¿qué crisis?  "," Crisis, What Crisis?",2015
1265, Cruzando el sentido ,  Crossing the sense,2015
1266, Cuento de verano  , Summer Tale,2015
1267, Darrere la porta ,  Tras la puerta ,2015
1268, De chica en c hica , Girls  Gets Girls,2015
1269, El desconocido , Retribution,2015
1270, La final,,2015
1271,40%),,2015
1272," Gernika, The Movie",,2015
1273, Isla bonita,,2015
1274, La isla del viento  , The Island of Wind,2015
1275, Juegos de familia  , Family Games,2015
1276, L’assaig , The Rehearsal,2015
1277, Loser s,,2015
1278, La maniobra de Heimlich  , The Heimlich Maneuver,2015
1279,30%),,2015
1280, La Mina. The Night Watchman,,2015
1281, La novia , The Bride,2015
1282, Ocho apellidos catalanes , Spanish Affair 2,2015
1283, Pasaje de vida  , Safe passage,2015
1284, Perdiendo el norte ,  Off course,2015
1285, La punta del ice berg , The tip of the iceberg,2015
1286, Que dios nos perdon e , May God Save  Us,2015
1287, Requisit os para ser una persona normal  , Requirements  to be a normal pers on,2015
1288, El resto de mi vida  , The rest of my life,2015
1289, El Rey d e La Habana ,  The King Of Havana,2015
1290, Rey Gitano ,  Gipsy King,2015
1291, Rocco tiene tu nombre , Rocco has your name,2015
1292, El Señor Manolo,,2015
1293,Suspense,,2015
1294, Sin hijos , No kids,2015
1295, Síndrome de ti , Syndrome of yo u,2015
1296, Summer Camp,,2015
1297, The 2nd reign of night , El segon regne de la n it ,2015
1298, The Chosen , El elegido,2015
1299, The Lobito,,2015
1300,Suecia,Sweden 49% ),2015
1301, Vulcania,,2015
1302,DOCUMENTAL , DOCUMENTARY,2015
1303, 13. Miguel Poveda,,2015
1304, A la puta strasse. 2º acto,,2015
1305, A tu que et sembla?  , What do you think?,2015
1306, África 815,,2015
1307, Amazonas. El camino de la cocaín a , The Cocaine Path,2015
1308, Antonio el demiurgo,,2015
1309, Arrecifes. Oasis de vida  ," Reefs, An Oasis Of Life",2015
1310, Barça Dreams,,2015
1311, El Batallón Gernika , Gernika Batailoia  ,2015
1312,25%),,2015
1313, Belén,,2015
1314, Big Data - Ciutadans sota control ,  Big Data. Ciudadanos bajo control ,2015
1315,under control,,2015
1316, Black Man White Skin,,2015
1317, El botón de nácar ,  The pearl button ,2015
1318,Francia,"France 79,5%)",2015
1319, Boxing For Freedom,,2015
1320, Bregando historias  , Telling stories in struggle,2015
1321, El camino más l argo , The Longest Road,2015
1322, Cançons  d’amor i an arquia  , Songs of Love a nd Anarchy,2015
1323," Carnavaleros, el do cumental",,2015
1324, Cartas a María  - Letters To Maria,,2015
1325, Caure del niu , Caer del nido  ,2015
1326, Chicas nuevas 24 h oras (España,Spain 60% - Argentina 10% - Colombia 10% - Paraguay 10%  -,2015
1327,Perú 10% ),,2015
1328, Cocinando en el fin del mu ndo ,  Cooking At The World’s  End,2015
1329," Cola, colita, colassa ","  Cola,  colita,  colassa   ",2015
1330,Barcelona),,2015
1331, El Colegio de la Seda  , El Col·legi de la Seda,2015
1332, El Colibrí ,,2015
1333, Cooking Up A Tribute,,2015
1334, Corrupció: l’organisme no ciu , Corrupción:  el organismo  nocivo,2015
1335, Cuero y tinta ,,2015
1336, Dead Slow Ahead,,2015
1337, Desde que el mundo es mu ndo ,  Since  The World  Was World  ,2015
1338, Di-Capacitados,,2015
1339, District Zero,,2015
1340, Doctor Deseo: b usco en tus lab ios,,2015
1341, Droga oral,,2015
1342, Ecomunitat,,2015
1343, En Granad a es pos ible , In Granada It's Possible,2015
1344, En todas as man s , In Everyone's hands,2015
1345, Estación Andamana , Andamana Station,2015
1346, La fiesta en lla mas,,2015
1347, Folclore Argentino,,2015
1348, Frankenstein 04155,,2015
1349, El fútbol , O futebol,2015
1350," Gabo , la magia de lo re al "," Gabo, The Creation Of Gabriel García Márquez",2015
1351, Game over,,2015
1352, Generación Kronen,,2015
1353, Generación Mei Ming: miradas desde la adoles cencia,,2015
1354, El gran vu elo , The Great Flight,2015
1355, La Granja del Pas -  La Granja d el Paso,,2015
1356," Hi Mr. Gehry, I’m Marc fr om Arenys",,2015
1357, El hombre que empezó a cor rer,,2015
1358, I Am Your Father,,2015
1359," Ingenia, la pasión por apre nder",,2015
1360, La intérprete , L’interpret ,2015
1361, Islamar Tercero. Herida a bierta,,2015
1362, Jardín Barroco,,2015
1363, Jérez & El misterio d el Palo Cortado ,  Sherry  & The Mystery  Of Palo Cortado,2015
1364," JMQ, en busca de un sueño ", JMQ a la recerca d’un somni ,2015
1365, La Habana y Barcelona. Esplendor y ruinas  ," The Havana and Barcelona, Brightness and",2015
1366,Ruins,,2015
1367, Las lágrimas de África  , Tears of Africa,2015
1368, Lejos de los árboles. Montaje 2011,,2015
1369, Línea de meta ,  Finish Line,2015
1370, Loba,,2015
1371," L'Ovidi, cronica  d'un temps",,2015
1372, El lugar de las fresas  , The strawberry place,2015
1373, El Maestro del Juicio de Salomón,,2015
1374, Malpartida Fluxus Village,,2015
1375, Mario Conde,,2015
1376, El mé dico atento  , The Attentive Doctor,2015
1377," Mérida, El Gran Teatro del Mundo",,2015
1378, Mi Amigo El Alzheimer,,2015
1379, Mi Querida España,,2015
1380, Miradas múltiples: la máquina loca,,2015
1381, Modernos. Teatro de vanguardia en Canarias,,2015
1382, Muros , Walls,2015
1383, Next,,2015
1384, No estamos solos  ,,2015
1385, No existimos  , We don’t exist,2015
1386, No todo es vigilia ,  Not all is vigil,2015
1387, Ovnis en el barrio  , UFOs in the neighborhood,2015
1388," Patuchas, el hombre de los mil limones "," Patuchas, Man Of The Thousand Lemons",2015
1389, La primera ola  , The First Wave,2015
1390," Profes, la buena educación",,2015
1391, Projecte Rwanda ,  Project Rwanda,2015
1392, Queridos Monstruos  , Benvolguts Monstres,2015
1393, Ramón Gaya. La pintura como destino,,2015
1394, El reto de Eva  , Eva's Challenge,2015
1395," El río que suena, reflejo del tiempo: Joaquín Díaz",,2015
1396," Robles, duelo al sol "," Robles, Duel Under The Sun",2015
1397,Casademunt  Musical,,2015
1398," Sacristán, delantera de gallinero",,2015
1399, La Selva Inflada , The Inflated Jungle,2015
1400, El Somni Català,,2015
1401, La Sonrisa Verdadera  , True Smile,2015
1402, Sueños de sal ,  Dreams Of Salt,2015
1403, Tchindas,,2015
1404," El Teatro del Más A llá, Chavin de Huantar  ", Chavin de Huantar. The Theatre of the World,2015
1405,Beyond,,2015
1406, The Propaganda Game , The Korean Dream,2015
1407, The Spanish Dancer,,2015
1408, Tota la vida és ara,,2015
1409, Tras Nazarín ,  Following Nazarin,2015
1410, El último tabú,,2015
1411, Valeo no se cierra  ,,2015
1412, El viaje de Caín  , Cain's Journey,2015
1413, El viaje de las reinas,,2015
1414, El viaje de Leslie , A viaxe de Leslie ,2015
1415, La vida a 5 nudos , Life at 5 knots,2015
1416, La vida en llamas  , Life in flames,2015
1417,ANIMACIÓN , ANIMATION,2015
1418, Atrapa La Bandera - Capture The Flag,,2015
1419, Azahar,,2015
1420, Bisonte,,2015
1421, Psiconautas. Los niños olvidado s , Psiconautas. The Forgotten Children,2015
1422, El secreto de Amila ,  Olentzero eta Amilaren sekretua  ,2015
1423,Argentina 20%),,2015
1424, The Cubby House Project,,2015
1425, Yoko e ta lagunak , Yoko y sus amigos ,2015
1426,50%),,2015
